InvoiceNo	StockCode	Quantity	UnitPrice	CustomerID
536365	85123A	6	2.55	17850
536365	71053	6	3.39	17850
536365	84406B	8	2.75	17850
536365	84029G	6	3.39	17850
536365	84029E	6	3.39	17850
536365	22752	2	7.65	17850
536365	21730	6	4.25	17850
536366	22633	6	1.85	17850
536366	22632	6	1.85	17850
536367	84879	32	1.69	13047
536367	22745	6	2.1	13047
536367	22748	6	2.1	13047
536367	22749	8	3.75	13047
536367	22310	6	1.65	13047
536367	84969	6	4.25	13047
536367	22623	3	4.95	13047
536367	22622	2	9.95	13047
536367	21754	3	5.95	13047
536367	21755	3	5.95	13047
536367	21777	4	7.95	13047
536367	48187	4	7.95	13047
536368	22960	6	4.25	13047
536368	22913	3	4.95	13047
536368	22912	3	4.95	13047
536368	22914	3	4.95	13047
536369	21756	3	5.95	13047
536370	22728	24	3.75	12583
536370	22727	24	3.75	12583
536370	22726	12	3.75	12583
536370	21724	12	0.85	12583
536370	21883	24	0.65	12583
536370	10002	48	0.85	12583
536370	21791	24	1.25	12583
536370	21035	18	2.95	12583
536370	22326	24	2.95	12583
536370	22629	24	1.95	12583
536370	22659	24	1.95	12583
536370	22631	24	1.95	12583
536370	22661	20	0.85	12583
536370	21731	24	1.65	12583
536370	22900	24	2.95	12583
536370	21913	12	3.75	12583
536370	22540	24	0.42	12583
536370	22544	24	0.42	12583
536370	22492	36	0.65	12583
536370	POST	3	18	12583
536371	22086	80	2.55	13748
536372	22632	6	1.85	17850
536372	22633	6	1.85	17850
536373	85123A	6	2.55	17850
536373	71053	6	3.39	17850
536373	84406B	8	2.75	17850
536373	20679	6	4.95	17850
536373	37370	6	1.06	17850
536373	21871	6	1.06	17850
536373	21071	6	1.06	17850
536373	21068	6	1.06	17850
536373	82483	2	4.95	17850
536373	82486	4	6.95	17850
536373	82482	6	2.1	17850
536373	82494L	6	2.55	17850
536373	84029G	6	3.39	17850
536373	84029E	6	3.39	17850
536373	22752	2	7.65	17850
536373	21730	6	4.25	17850
536374	21258	32	10.95	15100
536375	85123A	6	2.55	17850
536375	71053	6	3.39	17850
536375	84406B	8	2.75	17850
536375	20679	6	4.95	17850
536375	37370	6	1.06	17850
536375	21871	6	1.06	17850
536375	21071	6	1.06	17850
536375	21068	6	1.06	17850
536375	82483	2	4.95	17850
536375	82486	4	6.95	17850
536375	82482	6	2.1	17850
536375	82494L	6	2.55	17850
536375	84029G	6	3.39	17850
536375	84029E	6	3.39	17850
536375	22752	2	7.65	17850
536375	21730	6	4.25	17850
536376	22114	48	3.45	15291
536376	21733	64	2.55	15291
536377	22632	6	1.85	17850
536377	22633	6	1.85	17850
536378	22386	10	1.95	14688
536378	85099C	10	1.95	14688
536378	21033	10	2.95	14688
536378	20723	10	0.85	14688
536378	84997B	12	3.75	14688
536378	84997C	6	3.75	14688
536378	21094	12	0.85	14688
536378	20725	10	1.65	14688
536378	21559	6	2.55	14688
536378	22352	6	2.55	14688
536378	21212	120	0.42	14688
536378	21975	24	0.55	14688
536378	21977	24	0.55	14688
536378	84991	24	0.55	14688
536378	84519A	6	2.95	14688
536378	85183B	48	1.25	14688
536378	85071B	96	0.38	14688
536378	21931	10	1.95	14688
536378	21929	10	1.95	14688
536380	22961	24	1.45	17809
536381	22139	23	4.25	15311
536381	84854	5	4.95	15311
536381	22411	10	1.95	15311
536381	82567	2	2.1	15311
536381	21672	6	1.25	15311
536381	22774	24	1.25	15311
536381	22771	24	1.25	15311
536381	71270	1	1.25	15311
536381	22262	1	0.85	15311
536381	22637	1	2.55	15311
536381	21934	10	1.65	15311
536381	21169	3	1.69	15311
536381	21166	1	1.95	15311
536381	21175	2	2.1	15311
536381	37444A	1	2.95	15311
536381	37444C	1	2.95	15311
536381	22086	4	2.95	15311
536381	22083	1	2.95	15311
536381	84971S	6	0.85	15311
536381	71270	3	1.25	15311
536381	47580	2	2.55	15311
536381	22261	1	0.85	15311
536381	84832	1	0.85	15311
536381	22644	1	1.45	15311
536381	21533	1	4.95	15311
536381	21557	2	2.95	15311
536381	15056BL	2	5.95	15311
536381	15056N	2	5.95	15311
536381	22646	4	1.45	15311
536381	22176	1	2.95	15311
536381	22438	1	1.95	15311
536381	21731	2	1.65	15311
536381	22778	3	3.95	15311
536381	22719	36	1.06	15311
536381	21523	10	6.75	15311
C536379	D	-1	27.5	14527
536382	10002	12	0.85	16098
536382	21912	8	3.75	16098
536382	21832	12	1.65	16098
536382	22411	10	1.95	16098
536382	22379	10	2.1	16098
536382	22381	50	1.85	16098
536382	22798	8	2.95	16098
536382	22726	4	3.75	16098
536382	22926	12	5.95	16098
536382	22839	2	14.95	16098
536382	22838	2	14.95	16098
536382	22783	4	16.95	16098
C536383	35004C	-1	4.65	15311
536384	82484	3	6.45	18074
536384	84755	48	0.65	18074
536384	22464	12	1.65	18074
536384	21324	6	2.95	18074
536384	22457	12	2.95	18074
536384	22469	40	1.45	18074
536384	22470	40	2.55	18074
536384	22224	6	2.95	18074
536384	21340	2	12.75	18074
536384	22189	4	3.95	18074
536384	22427	3	5.95	18074
536384	22428	6	6.95	18074
536384	22424	8	10.95	18074
536385	22783	1	19.95	17420
536385	22961	12	1.45	17420
536385	22960	6	4.25	17420
536385	22663	10	1.95	17420
536385	85049A	12	1.25	17420
536385	22168	2	8.5	17420
536385	22662	10	1.65	17420
536386	84880	36	4.95	16029
536386	85099C	100	1.65	16029
536386	85099B	100	1.65	16029
536387	79321	192	3.82	16029
536387	22780	192	3.37	16029
536387	22779	192	3.37	16029
536387	22466	432	1.45	16029
536387	21731	432	1.25	16029
536388	21754	3	5.95	16250
536388	21755	3	5.95	16250
536388	21523	2	7.95	16250
536388	21363	3	4.95	16250
536388	21411	3	4.25	16250
536388	22318	6	2.95	16250
536388	22464	12	1.65	16250
536388	22915	12	0.42	16250
536388	22922	12	0.85	16250
536388	22969	12	1.45	16250
536388	22923	12	0.85	16250
536388	21115	4	6.75	16250
536388	22469	12	1.65	16250
536388	22242	12	1.65	16250
536389	22941	6	8.5	12431
536389	21622	8	4.95	12431
536389	21791	12	1.25	12431
536389	35004C	6	5.45	12431
536389	35004G	4	6.35	12431
536389	85014B	6	5.95	12431
536389	85014A	3	5.95	12431
536389	22193	2	8.5	12431
536389	22726	4	3.75	12431
536389	22727	4	3.75	12431
536389	22192	2	8.5	12431
536389	22191	2	8.5	12431
536389	22195	24	1.65	12431
536389	22196	24	0.85	12431
536390	22941	2	8.5	17511
536390	22960	12	3.75	17511
536390	22961	12	1.45	17511
536390	22962	48	0.72	17511
536390	22963	48	0.72	17511
536390	22968	8	8.5	17511
536390	84970S	144	0.64	17511
536390	22910	40	2.55	17511
536390	20668	288	0.1	17511
536390	85123A	64	2.55	17511
536390	22197	100	0.72	17511
536390	22198	50	1.45	17511
536390	21533	12	4.25	17511
536390	21080	96	0.64	17511
536390	21094	96	0.64	17511
536390	21086	48	0.65	17511
536390	21786	144	0.32	17511
536390	22654	40	4.95	17511
536390	21485	24	4.25	17511
536390	84029G	24	3.39	17511
536390	84030E	24	3.75	17511
536390	22174	48	1.48	17511
536390	22969	96	1.25	17511
536390	85099B	100	1.65	17511
C536391	22556	-12	1.65	17548
C536391	21984	-24	0.29	17548
C536391	21983	-24	0.29	17548
C536391	21980	-24	0.29	17548
C536391	21484	-12	3.45	17548
C536391	22557	-12	1.65	17548
C536391	22553	-24	1.65	17548
536392	22150	6	1.95	13705
536392	22619	4	3.75	13705
536392	21891	12	1.25	13705
536392	21889	12	1.25	13705
536392	22827	1	165	13705
536392	22127	12	1.25	13705
536392	22128	12	1.25	13705
536392	22502	4	5.95	13705
536392	84879	16	1.69	13705
536392	22338	24	0.65	13705
536393	22180	8	9.95	13747
536394	21506	24	0.42	13408
536394	22633	96	1.85	13408
536394	22866	96	1.85	13408
536394	22865	96	1.85	13408
536394	22632	96	1.85	13408
536394	21485	12	4.95	13408
536394	22349	12	3.75	13408
536394	22558	48	1.25	13408
536394	85152	12	2.1	13408
536394	85123A	32	2.55	13408
536394	22652	20	1.65	13408
536395	22188	8	3.95	13767
536395	84879	32	1.69	13767
536395	21977	24	0.55	13767
536395	84991	24	0.55	13767
536395	21212	24	0.55	13767
536395	21484	8	3.45	13767
536395	21314	8	2.1	13767
536395	22730	4	3.75	13767
536395	22727	8	3.75	13767
536395	22729	8	3.75	13767
536395	22726	8	3.75	13767
536395	22114	8	3.95	13767
536395	22867	48	2.1	13767
536395	22866	48	2.1	13767
536396	85123A	6	2.55	17850
536396	71053	6	3.39	17850
536396	84406B	8	2.75	17850
536396	15056BL	6	4.95	17850
536396	20679	6	4.95	17850
536396	37370	6	1.06	17850
536396	21871	6	1.06	17850
536396	21071	6	1.06	17850
536396	21068	6	1.06	17850
536396	82483	2	4.95	17850
536396	82486	4	6.95	17850
536396	82482	6	2.1	17850
536396	82494L	12	2.55	17850
536396	84029G	6	3.39	17850
536396	84029E	6	3.39	17850
536396	22752	2	7.65	17850
536396	22803	2	35.75	17850
536396	21730	6	4.25	17850
536397	35004B	12	4.65	17924
536397	35004C	48	4.65	17924
536398	21980	24	0.29	13448
536398	21844	6	2.95	13448
536398	22468	4	6.75	13448
536398	22637	8	2.55	13448
536398	22752	6	8.5	13448
536398	48185	2	7.95	13448
536398	22632	12	2.1	13448
536398	22866	12	2.1	13448
536398	22865	12	2.1	13448
536398	21232	12	1.25	13448
536398	22064	12	1.65	13448
536398	22449	6	3.35	13448
536398	22114	4	3.95	13448
536398	22835	8	4.65	13448
536398	22112	9	4.95	13448
536398	21479	4	3.75	13448
536398	22111	9	4.95	13448
536399	22632	6	1.85	17850
536399	22633	6	1.85	17850
536400	22969	12	1.45	13448
536401	22110	1	2.55	15862
536401	22098	1	1.25	15862
536401	22100	2	1.25	15862
536401	22766	1	2.95	15862
536401	22451	1	3.35	15862
536401	22549	1	1.45	15862
536401	84744	1	1.25	15862
536401	85049E	2	1.25	15862
536401	21328	1	1.65	15862
536401	22961	4	1.45	15862
536401	17091A	1	1.25	15862
536401	22473	1	4.95	15862
536401	84509A	2	3.75	15862
536401	84510A	2	1.25	15862
536401	22767	2	9.95	15862
536401	22768	1	9.95	15862
536401	21463	1	5.95	15862
536401	21464	1	4.25	15862
536401	20820	3	4.95	15862
536401	85150	1	2.55	15862
536401	22117	1	2.95	15862
536401	21169	2	1.69	15862
536401	48129	1	7.95	15862
536401	82580	1	0.55	15862
536401	82578	1	0.55	15862
536401	82581	2	0.55	15862
536401	22413	4	2.95	15862
536401	21907	2	2.1	15862
536401	22441	1	2.1	15862
536401	21122	1	1.25	15862
536401	22851	1	0.85	15862
536401	84991	3	0.55	15862
536401	22810	1	2.95	15862
536401	22809	1	2.95	15862
536401	22435	2	1.25	15862
536401	20966	3	1.25	15862
536401	20963	1	1.25	15862
536401	20961	1	1.25	15862
536401	22068	2	1.65	15862
536401	21743	2	2.95	15862
536401	21744	2	2.95	15862
536401	84709B	1	5.95	15862
536401	21592	1	1.25	15862
536401	21587	2	2.55	15862
536401	20992	9	0.85	15862
536401	22662	1	1.65	15862
536401	85123A	4	2.95	15862
536401	22804	3	2.95	15862
536401	82483	1	5.95	15862
536401	20749	1	7.95	15862
536401	20725	1	1.65	15862
536401	22382	2	1.65	15862
536401	20726	1	1.65	15862
536401	22384	1	1.65	15862
536401	22467	5	2.55	15862
536401	84625C	3	2.95	15862
536401	84625A	3	2.95	15862
536401	21108	9	2.55	15862
536401	22848	1	16.95	15862
536401	21033	4	2.95	15862
536401	47570B	1	10.65	15862
536401	84030E	1	4.25	15862
536401	22428	2	6.95	15862
536401	22502	2	5.95	15862
536402	22086	40	2.55	15513
536402	22910	40	2.55	15513
536402	22837	36	4.25	15513
536403	22867	96	1.85	12791
536403	POST	1	15	12791
536404	22297	24	1.25	16218
536404	22771	12	1.25	16218
536404	22772	12	1.25	16218
536404	22773	12	1.25	16218
536404	22805	12	1.25	16218
536404	22469	12	1.65	16218
536404	22197	36	0.85	16218
536404	21125	12	1.25	16218
536404	21126	12	1.25	16218
536404	85049C	12	1.25	16218
536404	85049D	12	1.25	16218
536404	85049E	12	1.25	16218
536404	85049G	12	1.25	16218
536404	21061	12	0.85	16218
536404	21063	12	0.85	16218
536404	21062	12	0.85	16218
536404	84380	12	1.25	16218
536404	84378	12	1.25	16218
536404	22964	12	2.1	16218
536404	21213	24	0.55	16218
536404	22417	24	0.55	16218
536404	21212	24	0.55	16218
536404	84992	24	0.55	16218
536404	21975	24	0.55	16218
536404	22383	10	1.65	16218
536404	20728	10	1.65	16218
536404	20727	10	1.65	16218
536404	22296	24	1.65	16218
536405	20914	128	2.55	14045
536406	85123A	8	2.55	17850
536406	71053	8	3.39	17850
536406	84406B	8	2.75	17850
536406	20679	6	4.95	17850
536406	37370	6	1.06	17850
536406	21871	6	1.06	17850
536406	21071	6	1.06	17850
536406	21068	6	1.06	17850
536406	82483	4	4.95	17850
536406	82486	4	6.95	17850
536406	82482	6	2.1	17850
536406	82494L	6	2.55	17850
536406	84029G	6	3.39	17850
536406	84029E	6	3.39	17850
536406	22752	2	7.65	17850
536406	22803	2	35.75	17850
536406	21730	6	4.25	17850
536407	22632	6	1.85	17850
536407	22633	6	1.85	17850
536408	22537	24	0.42	14307
536408	22533	24	0.42	14307
536408	20982	12	0.85	14307
536408	21832	12	1.65	14307
536408	21915	12	1.25	14307
536408	21914	12	1.25	14307
536408	21544	12	0.85	14307
536408	22813	12	1.95	14307
536408	22114	4	3.95	14307
536408	84029E	4	3.75	14307
536408	21479	4	3.75	14307
536408	22964	6	2.1	14307
536408	84375	12	2.1	14307
536408	22418	24	0.85	14307
536408	22178	12	1.25	14307
536408	84970L	12	0.95	14307
536408	21733	6	2.95	14307
536408	22465	12	1.65	14307
536408	84949	6	1.65	14307
536408	20685	2	7.95	14307
536408	48194	2	7.95	14307
536408	22488	12	1.65	14307
536408	22219	12	0.85	14307
536408	84879	8	1.69	14307
536408	21754	3	5.95	14307
536408	21755	3	5.95	14307
536408	22766	8	2.95	14307
536408	22610	36	0.85	14307
536408	22716	12	0.42	14307
536408	22706	25	0.42	14307
536408	22371	4	4.25	14307
536408	85014B	3	5.95	14307
536408	85014A	3	5.95	14307
536408	84997B	6	3.75	14307
536408	21212	24	0.55	14307
536408	21210	12	1.45	14307
536408	22914	3	4.95	14307
536408	22553	12	1.65	14307
536408	16237	30	0.21	14307
536408	22714	12	0.42	14307
536408	22812	12	1.95	14307
536408	84347	6	2.55	14307
536408	21587	12	2.55	14307
536408	22736	10	1.65	14307
536408	22492	36	0.65	14307
536408	22620	12	1.25	14307
536408	22619	4	3.75	14307
536408	21705	12	1.65	14307
536409	90199C	3	6.35	17908
536409	21479	1	3.75	17908
536409	22111	1	4.95	17908
536409	22785	1	6.75	17908
536409	22975	1	1.25	17908
536409	22972	1	1.65	17908
536409	22866	1	2.1	17908
536409	22568	1	3.75	17908
536409	85116	1	2.1	17908
536409	22664	1	2.1	17908
536409	21609	1	2.95	17908
536409	21866	1	1.25	17908
536409	20669	1	1.25	17908
536409	90129F	1	2.95	17908
536409	90210B	1	2.95	17908
536409	90199C	1	6.35	17908
536409	21955	1	7.95	17908
536409	72802C	1	4.25	17908
536409	22109	1	3.75	17908
536409	85116	5	2.1	17908
536409	22531	1	0.42	17908
536409	21811	1	1.25	17908
536409	22183	1	6.75	17908
536409	21678	6	0.85	17908
536409	21676	6	0.85	17908
536409	84625A	1	2.95	17908
536409	84625C	3	2.95	17908
536409	21931	2	1.95	17908
536409	85169B	12	1.25	17908
536409	16238	28	0.21	17908
536409	20668	24	0.12	17908
536409	84906	1	5.95	17908
536409	21867	1	1.25	17908
536409	22075	1	1.65	17908
536409	21866	1	1.25	17908
536409	21326	12	0.65	17908
536409	21065	1	5.95	17908
536409	22074	1	1.65	17908
536409	22900	1	2.95	17908
536409	20713	1	1.95	17908
536409	20966	2	1.25	17908
536409	21116	1	4.95	17908
536409	90199C	2	6.35	17908
536409	22633	1	2.1	17908
536409	22866	1	2.1	17908
536409	22198	1	1.65	17908
536409	21824	3	1.45	17908
536409	21823	3	1.45	17908
536409	22153	6	0.42	17908
536409	22197	2	0.85	17908
536409	85099B	2	1.95	17908
536409	85099F	1	1.95	17908
536409	20717	1	1.25	17908
536409	20723	1	0.85	17908
536409	22900	1	2.95	17908
536409	21980	12	0.29	17908
536409	22111	1	4.95	17908
536409	22112	1	4.95	17908
536412	20728	3	1.65	17920
536412	22382	3	1.65	17920
536412	22326	1	2.95	17920
536412	22662	4	1.65	17920
536412	22383	3	1.65	17920
536412	20727	3	1.65	17920
536412	22328	1	2.95	17920
536412	22327	1	2.95	17920
536412	22630	1	1.95	17920
536412	22629	1	1.95	17920
536412	21245	1	1.69	17920
536412	21244	1	1.69	17920
536412	21242	1	1.69	17920
536412	21243	1	1.69	17920
536412	22327	1	2.95	17920
536412	22273	1	2.95	17920
536412	22940	3	4.25	17920
536412	22652	5	1.65	17920
536412	22759	1	1.65	17920
536412	21880	10	0.65	17920
536412	21738	1	2.95	17920
536412	22077	1	1.65	17920
536412	85049E	3	1.25	17920
536412	22961	24	1.45	17920
536412	21448	2	1.65	17920
536412	22837	3	4.65	17920
536412	22749	2	3.75	17920
536412	22940	1	4.25	17920
536412	22749	1	3.75	17920
536412	22077	2	1.65	17920
536412	21738	2	2.95	17920
536412	85049E	1	1.25	17920
536412	22243	6	1.65	17920
536412	22141	1	2.1	17920
536412	22144	2	2.1	17920
536412	22243	3	1.65	17920
536412	22077	7	1.65	17920
536412	21448	1	1.65	17920
536412	22759	5	1.65	17920
536412	22242	5	1.65	17920
536412	85049E	12	1.25	17920
536412	21731	5	1.65	17920
536412	22243	1	1.65	17920
536412	21739	2	2.95	17920
536412	21738	5	2.95	17920
536412	22271	2	2.95	17920
536412	22273	1	2.95	17920
536412	22274	2	2.95	17920
536412	22749	1	3.75	17920
536412	22751	2	3.75	17920
536412	21034	1	0.95	17920
536412	22273	2	2.95	17920
536412	22568	3	3.75	17920
536412	22141	1	2.1	17920
536412	22144	1	2.1	17920
536412	22570	3	3.75	17920
536412	22569	2	3.75	17920
536412	21448	1	1.65	17920
536412	22086	1	2.95	17920
536412	22569	2	3.75	17920
536412	21448	2	1.65	17920
536412	22968	4	9.95	17920
536412	22902	7	2.1	17920
536412	21448	2	1.65	17920
536412	22902	7	2.1	17920
536412	21710	1	4.95	17920
536412	21708	1	4.95	17920
536412	21711	1	4.95	17920
536412	22179	2	6.75	17920
536412	22197	5	0.85	17920
536412	22900	2	2.95	17920
536412	21706	1	4.95	17920
536412	22468	2	6.75	17920
536412	20725	1	1.65	17920
536412	85184C	1	2.95	17920
536412	21708	1	4.95	17920
536412	22900	2	2.95	17920
536412	21706	1	4.95	17920
536412	22988	6	1.25	17920
536412	85184C	1	2.95	17920
536412	20750	1	7.95	17920
536414	22139	56	0	
536415	22952	10	0.55	12838
536415	22910	5	2.95	12838
536415	22739	3	1.65	12838
536415	22738	3	1.65	12838
536415	22736	3	1.65	12838
536415	22909	5	0.85	12838
536415	35591T	2	1.25	12838
536415	22186	5	2.95	12838
536415	22695	3	1.45	12838
536415	22470	1	2.95	12838
536415	22580	1	5.95	12838
536415	22469	5	1.65	12838
536415	22147	4	1.45	12838
536415	22130	6	0.85	12838
536415	21791	3	1.25	12838
536415	22694	5	2.1	12838
536415	21790	3	0.85	12838
536415	22149	4	2.1	12838
536415	22900	3	2.95	12838
536415	22961	3	1.45	12838
536415	22321	12	0.85	12838
536415	22594	5	0.85	12838
536415	22593	4	0.85	12838
536415	22595	6	0.85	12838
536415	21986	12	0.29	12838
536415	22750	2	3.75	12838
536415	22616	12	0.29	12838
536415	22775	1	1.25	12838
536415	22899	2	2.1	12838
536415	22367	3	1.95	12838
536415	22942	3	8.5	12838
536415	22941	3	8.5	12838
536415	22086	6	2.95	12838
536415	22940	2	4.25	12838
536415	21212	2	0.55	12838
536415	21976	2	0.55	12838
536415	22951	2	0.55	12838
536415	21977	3	0.55	12838
536415	22834	3	2.1	12838
536415	22867	3	2.1	12838
536415	22865	3	2.1	12838
536415	22632	3	2.1	12838
536415	21916	2	0.42	12838
536415	22587	4	0.85	12838
536415	22566	3	0.85	12838
536415	22565	3	0.85	12838
536415	22472	2	4.95	12838
536415	22557	3	1.65	12838
536415	22551	3	1.65	12838
536415	22554	3	1.65	12838
536415	22534	3	0.42	12838
536415	22531	3	0.42	12838
536415	22529	3	0.42	12838
536415	22530	3	0.42	12838
536415	84032B	3	2.95	12838
536415	22837	3	4.65	12838
536415	85049H	2	1.25	12838
536415	22749	2	3.75	12838
536415	22807	12	2.95	12838
536416	21494	12	1.25	13255
536416	21915	72	1.25	13255
536416	22938	12	1.95	13255
536416	22768	4	9.95	13255
536416	22767	4	9.95	13255
536416	82494L	6	2.95	13255
536420	21889	12	1.25	16583
536420	21892	12	1.25	16583
536420	21891	12	1.25	16583
536420	21890	6	2.95	16583
536420	21718	12	1.25	16583
536420	21716	8	2.55	16583
536420	21715	8	2.55	16583
536420	22113	4	3.75	16583
536420	22111	3	4.95	16583
536420	22110	6	2.55	16583
536420	22358	6	2.95	16583
536420	22357	4	4.25	16583
536420	22115	6	2.95	16583
536420	22969	12	1.45	16583
536423	22619	4	3.75	18085
536423	21481	6	2.95	18085
536423	22632	12	2.1	18085
536423	22837	8	4.65	18085
536423	21479	8	3.75	18085
536423	21485	8	4.95	18085
536423	84029E	8	3.75	18085
536423	22111	16	4.95	18085
536423	22113	8	3.75	18085
536425	22837	8	4.65	13758
536425	22585	12	1.25	13758
536425	79321	8	4.95	13758
536425	22637	12	2.55	13758
536425	21556	6	2.55	13758
536425	22646	12	1.45	13758
536425	22644	12	1.45	13758
536425	22645	12	1.45	13758
536425	22650	12	1.45	13758
536425	22508	8	3.75	13758
536425	21411	3	4.25	13758
536425	22511	4	3.75	13758
536425	22451	6	3.35	13758
536425	22449	6	3.35	13758
536425	22768	2	9.95	13758
536425	22829	2	9.95	13758
536425	22961	12	1.45	13758
536437	21154	200	1.06	13694
536437	22189	72	3.39	13694
536437	17021	600	0.24	13694
536437	22059	48	1.25	13694
536437	22188	36	3.39	13694
536437	84678	48	1.25	13694
536446	85172	32	0.42	15983
536446	22142	2	1.45	15983
536446	22144	2	2.1	15983
536446	21591	6	1.25	15983
536446	22480	12	1.25	15983
536446	22294	48	1.25	15983
536446	21156	1	1.95	15983
536446	10133	5	0.85	15983
536446	72800E	6	2.55	15983
536446	22294	24	1.25	15983
536446	84836	12	1.25	15983
536446	20774	2	1.65	15983
536446	20773	2	1.65	15983
536446	20777	2	1.65	15983
536446	16016	10	0.85	15983
536446	16014	10	0.42	15983
536446	21890	2	2.95	15983
536446	21891	2	1.25	15983
536446	22619	8	3.75	15983
536446	22620	6	1.25	15983
536446	84347	12	2.55	15983
536446	85169B	24	1.25	15983
536446	21156	3	1.95	15983
536446	21651	6	1.65	15983
536446	21651	6	1.65	15983
536446	84625C	10	2.95	15983
536446	22618	2	9.95	15983
536446	21586	4	2.55	15983
536446	21587	4	2.55	15983
536446	22152	24	0.42	15983
536446	85172	16	0.42	15983
536446	84754	24	1.25	15983
536460	22670	12	1.25	14849
536460	21586	12	2.55	14849
536460	84992	24	0.55	14849
536460	84879	24	1.69	14849
536460	84849B	12	1.69	14849
536460	22927	2	5.95	14849
536460	22926	4	5.95	14849
536460	22925	2	5.95	14849
536460	21977	24	0.55	14849
536460	21485	6	4.95	14849
536460	21484	8	3.45	14849
536460	21259	2	5.95	14849
536460	21257	2	7.95	14849
536460	21121	24	1.25	14849
536463	82552	12	1.45	14849
536464	90200B	2	4.25	17968
536464	90059B	2	1.65	17968
536464	90185C	2	4.25	17968
536464	90059E	3	1.65	17968
536464	90059C	1	1.65	17968
536464	90200C	1	4.25	17968
536464	90200D	3	4.25	17968
536464	90200A	1	4.25	17968
536464	22386	1	1.95	17968
536464	85099B	1	1.95	17968
536464	84879	8	1.69	17968
536464	22086	1	2.95	17968
536464	22737	1	1.65	17968
536464	21260	1	3.25	17968
536464	22744	2	2.95	17968
536464	21985	1	0.29	17968
536464	21980	1	0.29	17968
536464	22988	1	1.25	17968
536464	22297	1	1.25	17968
536464	22294	1	1.25	17968
536464	22295	1	1.65	17968
536464	22813	2	1.95	17968
536464	22812	6	1.95	17968
536464	22197	5	0.85	17968
536464	21977	1	0.55	17968
536464	22619	1	3.75	17968
536464	16258A	1	0.42	17968
536464	21992	1	2.95	17968
536464	22910	1	2.95	17968
536464	21124	1	1.25	17968
536464	22735	2	1.65	17968
536464	22952	2	0.55	17968
536464	22945	6	0.85	17968
536464	21816	2	1.45	17968
536464	21815	4	1.45	17968
536464	21814	2	1.45	17968
536464	10125	2	0.85	17968
536464	22810	1	2.95	17968
536464	22573	1	0.85	17968
536464	22577	1	0.85	17968
536464	22603	2	0.85	17968
536464	22809	1	2.95	17968
536464	20878	1	1.25	17968
536464	20866	1	1.25	17968
536464	85095	1	1.95	17968
536464	22333	1	1.65	17968
536464	22557	1	1.65	17968
536464	21584	1	1.65	17968
536464	22866	1	2.1	17968
536464	22731	2	1.25	17968
536464	22866	1	2.1	17968
536464	22866	3	2.1	17968
536464	22558	2	1.49	17968
536464	22956	1	2.1	17968
536464	22945	6	0.85	17968
536464	22582	1	2.55	17968
536464	21212	1	0.55	17968
536464	21212	2	0.55	17968
536464	22585	3	1.25	17968
536464	21121	1	1.25	17968
536464	21122	1	1.25	17968
536464	22759	1	1.65	17968
536464	21815	1	1.45	17968
536464	85231B	3	0.85	17968
536464	85231G	5	0.85	17968
536464	22082	5	1.65	17968
536464	22500	2	4.95	17968
536464	22742	1	2.95	17968
536464	21329	1	1.65	17968
536464	21328	1	1.65	17968
536464	21327	1	1.65	17968
536464	21992	1	2.95	17968
536464	21738	1	2.95	17968
536464	48173C	1	7.95	17968
536464	85099C	1	1.95	17968
536464	22960	1	4.25	17968
536464	85231G	1	0.85	17968
536464	85231B	2	0.85	17968
536464	22866	1	2.1	17968
536464	72818	1	0.85	17968
536464	21814	8	1.45	17968
536464	22441	1	2.1	17968
536464	22312	1	2.95	17968
536464	22197	6	0.85	17968
536464	22663	1	1.95	17968
536466	22960	6	4.25	14849
536466	22961	12	1.45	14849
536477	21314	48	1.85	16210
536477	84029E	24	3.39	16210
536477	21137	480	3.39	16210
536477	22041	48	2.1	16210
536477	20979	16	1.25	16210
536477	20977	16	1.25	16210
536477	22619	4	3.75	16210
536477	22571	96	0.72	16210
536477	22595	144	0.72	16210
536477	22593	144	0.72	16210
536477	22633	12	2.1	16210
536477	22632	12	2.1	16210
536477	22423	16	10.95	16210
536477	22411	10	1.95	16210
536488	22738	5	1.65	17897
536488	21621	1	8.5	17897
536488	22960	8	4.25	17897
536488	22082	5	1.65	17897
536488	47563A	1	3.75	17897
536488	84558A	1	2.95	17897
536488	21592	1	1.25	17897
536488	20878	2	1.25	17897
536488	84347	1	2.55	17897
536488	84347	1	2.55	17897
536488	21577	1	2.25	17897
536488	22909	1	0.85	17897
536488	22087	1	2.95	17897
536488	22651	2	0.85	17897
536488	22713	12	0.42	17897
536488	22910	1	2.95	17897
536488	21370	2	6.35	17897
536488	21367	1	2.55	17897
536488	22376	1	4.25	17897
536488	22961	1	1.45	17897
536488	21895	1	4.25	17897
536488	22468	1	6.75	17897
536488	21034	1	0.95	17897
536488	22372	1	4.25	17897
536488	22867	1	2.1	17897
536488	22144	1	2.1	17897
536488	21190	1	1.65	17897
536488	21894	3	1.25	17897
536488	70007	3	1.65	17897
536488	22940	1	4.25	17897
536488	70007	1	1.65	17897
536488	84347	3	2.55	17897
536488	22150	1	1.95	17897
536488	22149	2	2.1	17897
536488	22144	2	2.1	17897
536500	21622	10	4.95	17377
536500	46000M	10	1.55	17377
536500	22630	2	1.95	17377
536500	22616	12	0.29	17377
536500	22712	12	0.42	17377
536500	22983	12	0.42	17377
536500	22024	12	0.42	17377
536500	22113	3	3.75	17377
536500	84029E	2	3.75	17377
536500	21488	2	3.95	17377
536500	22900	7	2.95	17377
536500	22895	3	2.95	17377
536500	21035	3	2.95	17377
536500	21755	6	5.95	17377
536500	21754	6	5.95	17377
536502	84879	16	1.69	16552
536502	22784	3	4.95	16552
536502	21441	12	0.85	16552
536502	85123A	6	2.95	16552
536502	22423	2	12.75	16552
536508	84947	72	1.06	17181
536508	21326	144	0.55	17181
C536506	22960	-6	4.25	17897
536514	22865	36	2.1	17951
536514	22485	4	12.75	17951
536514	22807	6	2.95	17951
536514	22633	36	2.1	17951
536514	22866	36	2.1	17951
536520	21794	1	6.75	14729
536520	20707	1	1.25	14729
536520	21175	1	2.1	14729
536520	22926	1	5.95	14729
